Persons_Trial_Completed,Persons_Released_or_Freed_by_Police_or_Magistrate_before_Trial_for_want_of_evidence_or_any_other_reason,Persons_in_Custody_or_on_Bail_during_Trial_at_Year_End,Persons_in_Custody_or_on_Bail_during_Investigation_at_Year_beginning,Persons_under_Trial_at_Year_beginning,Persons_Arrested,Total_Persons_under_Trial,Persons_in_Custody_or_on_Bail_during_Investigation_at_Year_end,Persons_Chargesheeted,Prediction
-0.36496,-0.171674,-0.317509,-0.320704,-0.316705,-0.367549,-0.331934,-0.321517,-0.368631,-0.2578920402433729
0.052066,-0.112691,-0.215229,0.039772,-0.188848,-0.142183,-0.185029,0.090202,-0.153675,-0.2578920402433729
-0.365849,-0.145652,-0.303115,-0.305278,-0.303112,-0.358118,-0.31962,-0.303185,-0.362719,-0.2578920402433729
-0.211833,0.157938,-0.208556,0.328801,-0.204598,-0.185803,-0.215917,0.406439,-0.245739,-0.2578920402433729
-0.078551,0.246412,-0.035453,0.258168,-0.036513,-0.093063,-0.04838,0.113881,-0.094341,-0.2578920402433729
